timestamp,commit,network,batch_size,repetition,individual_total_gas,merkle_batch_gas,individual_gas_per_model,merkle_gas_per_model,model_id_length
2026-08-10T12:18:51.152Z,881d7d06b7a15e63d348079bfa26b21fd02e7eb6,hardhat,1,1,94213,163419,94213,163419,24
2026-08-10T12:18:51.162Z,881d7d06b7a15e63d348079bfa26b21fd02e7eb6,hardhat,1,2,94177,163383,94177,163383,24
2026-08-10T12:18:51.171Z,881d7d06b7a15e63d348079bfa26b21fd02e7eb6,hardhat,1,3,94213,163419,94213,163419,24
2026-08-10T12:18:51.180Z,881d7d06b7a15e63d348079bfa26b21fd02e7eb6,hardhat,1,4,94213,163419,94213,163419,24
2026-08-10T12:18:51.189Z,881d7d06b7a15e63d348079bfa26b21fd02e7eb6,hardhat,1,5,94213,163419,94213,163419,24
2026-08-10T12:18:51.198Z,881d7d06b7a15e63d348079bfa26b21fd02e7eb6,hardhat,1,6,94213,163419,94213,163419,24
2026-08-10T12:18:51.213Z,881d7d06b7a15e63d348079bfa26b21fd02e7eb6,hardhat,1,7,94201,163407,94201,163407,24
2026-08-10T12:18:51.222Z,881d7d06b7a15e63d348079bfa26b21fd02e7eb6,hardhat,1,8,94201,163407,94201,163407,24
2026-08-10T12:18:51.231Z,881d7d06b7a15e63d348079bfa26b21fd02e7eb6,hardhat,1,9,94213,163419,94213,163419,24
2026-08-10T12:18:51.240Z,881d7d06b7a15e63d348079bfa26b21fd02e7eb6,hardhat,1,10,94213,163419,94213,163419,24
2026-08-10T12:18:51.250Z,881d7d06b7a15e63d348079bfa26b21fd02e7eb6,hardhat,1,11,94213,163419,94213,163419,24
2026-08-10T12:18:51.260Z,881d7d06b7a15e63d348079bfa26b21fd02e7eb6,hardhat,1,12,94213,163419,94213,163419,24
2026-08-10T12:18:51.269Z,881d7d06b7a15e63d348079bfa26b21fd02e7eb6,hardhat,1,13,94213,163419,94213,163419,24
2026-08-10T12:18:51.282Z,881d7d06b7a15e63d348079bfa26b21fd02e7eb6,hardhat,1,14,94189,163395,94189,163395,24
2026-08-10T12:18:51.290Z,881d7d06b7a15e63d348079bfa26b21fd02e7eb6,hardhat,1,15,94201,163407,94201,163407,24
2026-08-10T12:18:51.299Z,881d7d06b7a15e63d348079bfa26b21fd02e7eb6,hardhat,1,16,94189,163395,94189,163395,24
2026-08-10T12:18:51.307Z,881d7d06b7a15e63d348079bfa26b21fd02e7eb6,hardhat,1,17,94213,163419,94213,163419,24
2026-08-10T12:18:51.316Z,881d7d06b7a15e63d348079bfa26b21fd02e7eb6,hardhat,1,18,94201,163407,94201,163407,24
2026-08-10T12:18:51.329Z,881d7d06b7a15e63d348079bfa26b21fd02e7eb6,hardhat,1,19,94213,163419,94213,163419,24
2026-08-10T12:18:51.343Z,881d7d06b7a15e63d348079bfa26b21fd02e7eb6,hardhat,1,20,94213,163419,94213,163419,24
2026-08-10T12:18:51.352Z,881d7d06b7a15e63d348079bfa26b21fd02e7eb6,hardhat,1,21,94213,163419,94213,163419,24
2026-08-10T12:18:51.361Z,881d7d06b7a15e63d348079bfa26b21fd02e7eb6,hardhat,1,22,94213,163419,94213,163419,24
2026-08-10T12:18:51.369Z,881d7d06b7a15e63d348079bfa26b21fd02e7eb6,hardhat,1,23,94213,163419,94213,163419,24
2026-08-10T12:18:51.377Z,881d7d06b7a15e63d348079bfa26b21fd02e7eb6,hardhat,1,24,94213,163419,94213,163419,24
2026-08-10T12:18:51.385Z,881d7d06b7a15e63d348079bfa26b21fd02e7eb6,hardhat,1,25,94213,163419,94213,163419,24
2026-08-10T12:18:51.394Z,881d7d06b7a15e63d348079bfa26b21fd02e7eb6,hardhat,1,26,94213,163419,94213,163419,24
2026-08-10T12:18:51.404Z,881d7d06b7a15e63d348079bfa26b21fd02e7eb6,hardhat,1,27,94213,163419,94213,163419,24
2026-08-10T12:18:51.411Z,881d7d06b7a15e63d348079bfa26b21fd02e7eb6,hardhat,1,28,94213,163419,94213,163419,24
2026-08-10T12:18:51.428Z,881d7d06b7a15e63d348079bfa26b21fd02e7eb6,hardhat,1,29,94213,163419,94213,163419,24
2026-08-10T12:18:51.450Z,881d7d06b7a15e63d348079bfa26b21fd02e7eb6,hardhat,1,30,94213,163419,94213,163419,24
2026-08-10T12:18:51.467Z,881d7d06b7a15e63d348079bfa26b21fd02e7eb6,hardhat,2,1,188426,210546,94213,105273,24
2026-08-10T12:18:51.481Z,881d7d06b7a15e63d348079bfa26b21fd02e7eb6,hardhat,2,2,188426,210546,94213,105273,24
2026-08-10T12:18:51.491Z,881d7d06b7a15e63d348079bfa26b21fd02e7eb6,hardhat,2,3,188426,210546,94213,105273,24
2026-08-10T12:18:51.500Z,881d7d06b7a15e63d348079bfa26b21fd02e7eb6,hardhat,2,4,188426,210546,94213,105273,24
2026-08-10T12:18:51.510Z,881d7d06b7a15e63d348079bfa26b21fd02e7eb6,hardhat,2,5,188426,210546,94213,105273,24
2026-08-10T12:18:51.519Z,881d7d06b7a15e63d348079bfa26b21fd02e7eb6,hardhat,2,6,188426,210546,94213,105273,24
2026-08-10T12:18:51.528Z,881d7d06b7a15e63d348079bfa26b21fd02e7eb6,hardhat,2,7,188426,210546,94213,105273,24
2026-08-10T12:18:51.539Z,881d7d06b7a15e63d348079bfa26b21fd02e7eb6,hardhat,2,8,188402,210534,94201,105267,24
2026-08-10T12:18:51.548Z,881d7d06b7a15e63d348079bfa26b21fd02e7eb6,hardhat,2,9,188378,210522,94189,105261,24
2026-08-10T12:18:51.557Z,881d7d06b7a15e63d348079bfa26b21fd02e7eb6,hardhat,2,10,188426,210546,94213,105273,24
2026-08-10T12:18:51.566Z,881d7d06b7a15e63d348079bfa26b21fd02e7eb6,hardhat,2,11,188426,210546,94213,105273,24
2026-08-10T12:18:51.575Z,881d7d06b7a15e63d348079bfa26b21fd02e7eb6,hardhat,2,12,188426,210546,94213,105273,24
2026-08-10T12:18:51.584Z,881d7d06b7a15e63d348079bfa26b21fd02e7eb6,hardhat,2,13,188426,210546,94213,105273,24
2026-08-10T12:18:51.595Z,881d7d06b7a15e63d348079bfa26b21fd02e7eb6,hardhat,2,14,188426,210546,94213,105273,24
2026-08-10T12:18:51.603Z,881d7d06b7a15e63d348079bfa26b21fd02e7eb6,hardhat,2,15,188426,210546,94213,105273,24
2026-08-10T12:18:51.612Z,881d7d06b7a15e63d348079bfa26b21fd02e7eb6,hardhat,2,16,188426,210546,94213,105273,24
2026-08-10T12:18:51.620Z,881d7d06b7a15e63d348079bfa26b21fd02e7eb6,hardhat,2,17,188426,210546,94213,105273,24
2026-08-10T12:18:51.628Z,881d7d06b7a15e63d348079bfa26b21fd02e7eb6,hardhat,2,18,188426,210546,94213,105273,24
2026-08-10T12:18:51.636Z,881d7d06b7a15e63d348079bfa26b21fd02e7eb6,hardhat,2,19,188426,210546,94213,105273,24
2026-08-10T12:18:51.644Z,881d7d06b7a15e63d348079bfa26b21fd02e7eb6,hardhat,2,20,188426,210546,94213,105273,24
2026-08-10T12:18:51.654Z,881d7d06b7a15e63d348079bfa26b21fd02e7eb6,hardhat,2,21,188426,210546,94213,105273,24
2026-08-10T12:18:51.663Z,881d7d06b7a15e63d348079bfa26b21fd02e7eb6,hardhat,2,22,188426,210546,94213,105273,24
2026-08-10T12:18:51.671Z,881d7d06b7a15e63d348079bfa26b21fd02e7eb6,hardhat,2,23,188426,210546,94213,105273,24
2026-08-10T12:18:51.681Z,881d7d06b7a15e63d348079bfa26b21fd02e7eb6,hardhat,2,24,188426,210546,94213,105273,24
2026-08-10T12:18:51.690Z,881d7d06b7a15e63d348079bfa26b21fd02e7eb6,hardhat,2,25,188426,210546,94213,105273,24
2026-08-10T12:18:51.700Z,881d7d06b7a15e63d348079bfa26b21fd02e7eb6,hardhat,2,26,188426,210546,94213,105273,24
2026-08-10T12:18:51.710Z,881d7d06b7a15e63d348079bfa26b21fd02e7eb6,hardhat,2,27,188426,210546,94213,105273,24
2026-08-10T12:18:51.718Z,881d7d06b7a15e63d348079bfa26b21fd02e7eb6,hardhat,2,28,188426,210546,94213,105273,24
2026-08-10T12:18:51.727Z,881d7d06b7a15e63d348079bfa26b21fd02e7eb6,hardhat,2,29,188426,210546,94213,105273,24
2026-08-10T12:18:51.736Z,881d7d06b7a15e63d348079bfa26b21fd02e7eb6,hardhat,2,30,188426,210546,94213,105273,24
2026-08-10T12:18:51.748Z,881d7d06b7a15e63d348079bfa26b21fd02e7eb6,hardhat,5,1,471065,351964,94213,70392.8,24
2026-08-10T12:18:51.760Z,881d7d06b7a15e63d348079bfa26b21fd02e7eb6,hardhat,5,2,471065,351964,94213,70392.8,24
2026-08-10T12:18:51.773Z,881d7d06b7a15e63d348079bfa26b21fd02e7eb6,hardhat,5,3,471065,351964,94213,70392.8,24
2026-08-10T12:18:51.785Z,881d7d06b7a15e63d348079bfa26b21fd02e7eb6,hardhat,5,4,471065,351964,94213,70392.8,24
2026-08-10T12:18:51.795Z,881d7d06b7a15e63d348079bfa26b21fd02e7eb6,hardhat,5,5,471065,351964,94213,70392.8,24
2026-08-10T12:18:51.806Z,881d7d06b7a15e63d348079bfa26b21fd02e7eb6,hardhat,5,6,471065,351964,94213,70392.8,24
2026-08-10T12:18:51.816Z,881d7d06b7a15e63d348079bfa26b21fd02e7eb6,hardhat,5,7,471065,351964,94213,70392.8,24
2026-08-10T12:18:51.826Z,881d7d06b7a15e63d348079bfa26b21fd02e7eb6,hardhat,5,8,471065,351964,94213,70392.8,24
2026-08-10T12:18:51.837Z,881d7d06b7a15e63d348079bfa26b21fd02e7eb6,hardhat,5,9,471065,351964,94213,70392.8,24
2026-08-10T12:18:51.847Z,881d7d06b7a15e63d348079bfa26b21fd02e7eb6,hardhat,5,10,471065,351964,94213,70392.8,24
2026-08-10T12:18:51.857Z,881d7d06b7a15e63d348079bfa26b21fd02e7eb6,hardhat,5,11,471065,351964,94213,70392.8,24
2026-08-10T12:18:51.868Z,881d7d06b7a15e63d348079bfa26b21fd02e7eb6,hardhat,5,12,471065,351964,94213,70392.8,24
2026-08-10T12:18:51.878Z,881d7d06b7a15e63d348079bfa26b21fd02e7eb6,hardhat,5,13,471065,351964,94213,70392.8,24
2026-08-10T12:18:51.887Z,881d7d06b7a15e63d348079bfa26b21fd02e7eb6,hardhat,5,14,471065,351964,94213,70392.8,24
2026-08-10T12:18:51.898Z,881d7d06b7a15e63d348079bfa26b21fd02e7eb6,hardhat,5,15,471065,351964,94213,70392.8,24
2026-08-10T12:18:51.908Z,881d7d06b7a15e63d348079bfa26b21fd02e7eb6,hardhat,5,16,471065,351964,94213,70392.8,24
2026-08-10T12:18:51.917Z,881d7d06b7a15e63d348079bfa26b21fd02e7eb6,hardhat,5,17,471065,351964,94213,70392.8,24
2026-08-10T12:18:51.927Z,881d7d06b7a15e63d348079bfa26b21fd02e7eb6,hardhat,5,18,471065,351964,94213,70392.8,24
2026-08-10T12:18:51.937Z,881d7d06b7a15e63d348079bfa26b21fd02e7eb6,hardhat,5,19,471005,351952,94201,70390.4,24
2026-08-10T12:18:51.946Z,881d7d06b7a15e63d348079bfa26b21fd02e7eb6,hardhat,5,20,471065,351964,94213,70392.8,24
2026-08-10T12:18:51.957Z,881d7d06b7a15e63d348079bfa26b21fd02e7eb6,hardhat,5,21,471065,351964,94213,70392.8,24
2026-08-10T12:18:51.967Z,881d7d06b7a15e63d348079bfa26b21fd02e7eb6,hardhat,5,22,471065,351964,94213,70392.8,24
2026-08-10T12:18:51.977Z,881d7d06b7a15e63d348079bfa26b21fd02e7eb6,hardhat,5,23,471005,351952,94201,70390.4,24
2026-08-10T12:18:51.986Z,881d7d06b7a15e63d348079bfa26b21fd02e7eb6,hardhat,5,24,471065,351964,94213,70392.8,24
2026-08-10T12:18:51.996Z,881d7d06b7a15e63d348079bfa26b21fd02e7eb6,hardhat,5,25,471065,351964,94213,70392.8,24
2026-08-10T12:18:52.005Z,881d7d06b7a15e63d348079bfa26b21fd02e7eb6,hardhat,5,26,471065,351964,94213,70392.8,24
2026-08-10T12:18:52.016Z,881d7d06b7a15e63d348079bfa26b21fd02e7eb6,hardhat,5,27,471065,351964,94213,70392.8,24
2026-08-10T12:18:52.025Z,881d7d06b7a15e63d348079bfa26b21fd02e7eb6,hardhat,5,28,471065,351964,94213,70392.8,24
2026-08-10T12:18:52.035Z,881d7d06b7a15e63d348079bfa26b21fd02e7eb6,hardhat,5,29,471065,351964,94213,70392.8,24
2026-08-10T12:18:52.044Z,881d7d06b7a15e63d348079bfa26b21fd02e7eb6,hardhat,5,30,471065,351964,94213,70392.8,24
2026-08-10T12:18:52.058Z,881d7d06b7a15e63d348079bfa26b21fd02e7eb6,hardhat,10,1,942130,587661,94213,58766.1,24
2026-08-10T12:18:52.070Z,881d7d06b7a15e63d348079bfa26b21fd02e7eb6,hardhat,10,2,942130,587661,94213,58766.1,24
2026-08-10T12:18:52.084Z,881d7d06b7a15e63d348079bfa26b21fd02e7eb6,hardhat,10,3,942010,587649,94201,58764.9,24
2026-08-10T12:18:52.098Z,881d7d06b7a15e63d348079bfa26b21fd02e7eb6,hardhat,10,4,942130,587661,94213,58766.1,24
2026-08-10T12:18:52.111Z,881d7d06b7a15e63d348079bfa26b21fd02e7eb6,hardhat,10,5,942130,587661,94213,58766.1,24
2026-08-10T12:18:52.123Z,881d7d06b7a15e63d348079bfa26b21fd02e7eb6,hardhat,10,6,942130,587661,94213,58766.1,24
2026-08-10T12:18:52.136Z,881d7d06b7a15e63d348079bfa26b21fd02e7eb6,hardhat,10,7,942130,587661,94213,58766.1,24
2026-08-10T12:18:52.150Z,881d7d06b7a15e63d348079bfa26b21fd02e7eb6,hardhat,10,8,942130,587661,94213,58766.1,24
2026-08-10T12:18:52.162Z,881d7d06b7a15e63d348079bfa26b21fd02e7eb6,hardhat,10,9,942130,587661,94213,58766.1,24
2026-08-10T12:18:52.174Z,881d7d06b7a15e63d348079bfa26b21fd02e7eb6,hardhat,10,10,942130,587661,94213,58766.1,24
2026-08-10T12:18:52.187Z,881d7d06b7a15e63d348079bfa26b21fd02e7eb6,hardhat,10,11,942130,587661,94213,58766.1,24
2026-08-10T12:18:52.199Z,881d7d06b7a15e63d348079bfa26b21fd02e7eb6,hardhat,10,12,942130,587661,94213,58766.1,24
2026-08-10T12:18:52.212Z,881d7d06b7a15e63d348079bfa26b21fd02e7eb6,hardhat,10,13,942130,587661,94213,58766.1,24
2026-08-10T12:18:52.226Z,881d7d06b7a15e63d348079bfa26b21fd02e7eb6,hardhat,10,14,942130,587661,94213,58766.1,24
2026-08-10T12:18:52.238Z,881d7d06b7a15e63d348079bfa26b21fd02e7eb6,hardhat,10,15,942130,587661,94213,58766.1,24
2026-08-10T12:18:52.250Z,881d7d06b7a15e63d348079bfa26b21fd02e7eb6,hardhat,10,16,942130,587661,94213,58766.1,24
2026-08-10T12:18:52.263Z,881d7d06b7a15e63d348079bfa26b21fd02e7eb6,hardhat,10,17,942130,587661,94213,58766.1,24
2026-08-10T12:18:52.275Z,881d7d06b7a15e63d348079bfa26b21fd02e7eb6,hardhat,10,18,942130,587661,94213,58766.1,24
2026-08-10T12:18:52.289Z,881d7d06b7a15e63d348079bfa26b21fd02e7eb6,hardhat,10,19,942130,587661,94213,58766.1,24
2026-08-10T12:18:52.301Z,881d7d06b7a15e63d348079bfa26b21fd02e7eb6,hardhat,10,20,942130,587661,94213,58766.1,24
2026-08-10T12:18:52.313Z,881d7d06b7a15e63d348079bfa26b21fd02e7eb6,hardhat,10,21,942130,587661,94213,58766.1,24
2026-08-10T12:18:52.325Z,881d7d06b7a15e63d348079bfa26b21fd02e7eb6,hardhat,10,22,942130,587661,94213,58766.1,24
2026-08-10T12:18:52.338Z,881d7d06b7a15e63d348079bfa26b21fd02e7eb6,hardhat,10,23,942130,587661,94213,58766.1,24
2026-08-10T12:18:52.351Z,881d7d06b7a15e63d348079bfa26b21fd02e7eb6,hardhat,10,24,942130,587661,94213,58766.1,24
2026-08-10T12:18:52.363Z,881d7d06b7a15e63d348079bfa26b21fd02e7eb6,hardhat,10,25,942130,587661,94213,58766.1,24
2026-08-10T12:18:52.375Z,881d7d06b7a15e63d348079bfa26b21fd02e7eb6,hardhat,10,26,942130,587661,94213,58766.1,24
2026-08-10T12:18:52.387Z,881d7d06b7a15e63d348079bfa26b21fd02e7eb6,hardhat,10,27,942130,587661,94213,58766.1,24
2026-08-10T12:18:52.399Z,881d7d06b7a15e63d348079bfa26b21fd02e7eb6,hardhat,10,28,942130,587661,94213,58766.1,24
2026-08-10T12:18:52.412Z,881d7d06b7a15e63d348079bfa26b21fd02e7eb6,hardhat,10,29,942130,587661,94213,58766.1,24
2026-08-10T12:18:52.427Z,881d7d06b7a15e63d348079bfa26b21fd02e7eb6,hardhat,10,30,942130,587661,94213,58766.1,24
2026-08-10T12:18:52.447Z,881d7d06b7a15e63d348079bfa26b21fd02e7eb6,hardhat,25,1,2355325,1294781,94213,51791.24,24
2026-08-10T12:18:52.468Z,881d7d06b7a15e63d348079bfa26b21fd02e7eb6,hardhat,25,2,2355325,1294781,94213,51791.24,24
2026-08-10T12:18:52.489Z,881d7d06b7a15e63d348079bfa26b21fd02e7eb6,hardhat,25,3,2355325,1294781,94213,51791.24,24
2026-08-10T12:18:52.513Z,881d7d06b7a15e63d348079bfa26b21fd02e7eb6,hardhat,25,4,2355325,1294781,94213,51791.24,24
2026-08-10T12:18:52.534Z,881d7d06b7a15e63d348079bfa26b21fd02e7eb6,hardhat,25,5,2355325,1294781,94213,51791.24,24
2026-08-10T12:18:52.555Z,881d7d06b7a15e63d348079bfa26b21fd02e7eb6,hardhat,25,6,2355325,1294781,94213,51791.24,24
2026-08-10T12:18:52.576Z,881d7d06b7a15e63d348079bfa26b21fd02e7eb6,hardhat,25,7,2355325,1294781,94213,51791.24,24
2026-08-10T12:18:52.601Z,881d7d06b7a15e63d348079bfa26b21fd02e7eb6,hardhat,25,8,2355325,1294781,94213,51791.24,24
2026-08-10T12:18:52.622Z,881d7d06b7a15e63d348079bfa26b21fd02e7eb6,hardhat,25,9,2355325,1294781,94213,51791.24,24
2026-08-10T12:18:52.644Z,881d7d06b7a15e63d348079bfa26b21fd02e7eb6,hardhat,25,10,2355325,1294781,94213,51791.24,24
2026-08-10T12:18:52.669Z,881d7d06b7a15e63d348079bfa26b21fd02e7eb6,hardhat,25,11,2355325,1294781,94213,51791.24,24
2026-08-10T12:18:52.697Z,881d7d06b7a15e63d348079bfa26b21fd02e7eb6,hardhat,25,12,2355325,1294781,94213,51791.24,24
2026-08-10T12:18:52.722Z,881d7d06b7a15e63d348079bfa26b21fd02e7eb6,hardhat,25,13,2355325,1294781,94213,51791.24,24
2026-08-10T12:18:52.743Z,881d7d06b7a15e63d348079bfa26b21fd02e7eb6,hardhat,25,14,2355325,1294781,94213,51791.24,24
2026-08-10T12:18:52.764Z,881d7d06b7a15e63d348079bfa26b21fd02e7eb6,hardhat,25,15,2355325,1294781,94213,51791.24,24
2026-08-10T12:18:52.788Z,881d7d06b7a15e63d348079bfa26b21fd02e7eb6,hardhat,25,16,2355325,1294781,94213,51791.24,24
2026-08-10T12:18:52.810Z,881d7d06b7a15e63d348079bfa26b21fd02e7eb6,hardhat,25,17,2355325,1294781,94213,51791.24,24
2026-08-10T12:18:52.832Z,881d7d06b7a15e63d348079bfa26b21fd02e7eb6,hardhat,25,18,2355325,1294781,94213,51791.24,24
2026-08-10T12:18:52.858Z,881d7d06b7a15e63d348079bfa26b21fd02e7eb6,hardhat,25,19,2355325,1294781,94213,51791.24,24
2026-08-10T12:18:52.886Z,881d7d06b7a15e63d348079bfa26b21fd02e7eb6,hardhat,25,20,2355325,1294781,94213,51791.24,24
2026-08-10T12:18:52.907Z,881d7d06b7a15e63d348079bfa26b21fd02e7eb6,hardhat,25,21,2355025,1294769,94201,51790.76,24
2026-08-10T12:18:52.927Z,881d7d06b7a15e63d348079bfa26b21fd02e7eb6,hardhat,25,22,2355325,1294781,94213,51791.24,24
2026-08-10T12:18:52.948Z,881d7d06b7a15e63d348079bfa26b21fd02e7eb6,hardhat,25,23,2355325,1294781,94213,51791.24,24
2026-08-10T12:18:52.970Z,881d7d06b7a15e63d348079bfa26b21fd02e7eb6,hardhat,25,24,2355325,1294781,94213,51791.24,24
2026-08-10T12:18:52.990Z,881d7d06b7a15e63d348079bfa26b21fd02e7eb6,hardhat,25,25,2355325,1294781,94213,51791.24,24
2026-08-10T12:18:53.010Z,881d7d06b7a15e63d348079bfa26b21fd02e7eb6,hardhat,25,26,2355325,1294781,94213,51791.24,24
2026-08-10T12:18:53.031Z,881d7d06b7a15e63d348079bfa26b21fd02e7eb6,hardhat,25,27,2355325,1294781,94213,51791.24,24
2026-08-10T12:18:53.054Z,881d7d06b7a15e63d348079bfa26b21fd02e7eb6,hardhat,25,28,2355025,1294769,94201,51790.76,24
2026-08-10T12:18:53.074Z,881d7d06b7a15e63d348079bfa26b21fd02e7eb6,hardhat,25,29,2355325,1294781,94213,51791.24,24
2026-08-10T12:18:53.094Z,881d7d06b7a15e63d348079bfa26b21fd02e7eb6,hardhat,25,30,2355325,1294781,94213,51791.24,24
2026-08-10T12:18:53.130Z,881d7d06b7a15e63d348079bfa26b21fd02e7eb6,hardhat,50,1,4710650,2473148,94213,49462.96,24
2026-08-10T12:18:53.164Z,881d7d06b7a15e63d348079bfa26b21fd02e7eb6,hardhat,50,2,4710650,2473148,94213,49462.96,24
2026-08-10T12:18:53.199Z,881d7d06b7a15e63d348079bfa26b21fd02e7eb6,hardhat,50,3,4710650,2473148,94213,49462.96,24
2026-08-10T12:18:53.239Z,881d7d06b7a15e63d348079bfa26b21fd02e7eb6,hardhat,50,4,4710650,2473148,94213,49462.96,24
2026-08-10T12:18:53.278Z,881d7d06b7a15e63d348079bfa26b21fd02e7eb6,hardhat,50,5,4710650,2473148,94213,49462.96,24
2026-08-10T12:18:53.315Z,881d7d06b7a15e63d348079bfa26b21fd02e7eb6,hardhat,50,6,4710650,2473148,94213,49462.96,24
2026-08-10T12:18:53.360Z,881d7d06b7a15e63d348079bfa26b21fd02e7eb6,hardhat,50,7,4710650,2473148,94213,49462.96,24
2026-08-10T12:18:53.403Z,881d7d06b7a15e63d348079bfa26b21fd02e7eb6,hardhat,50,8,4710050,2473136,94201,49462.72,24
2026-08-10T12:18:53.446Z,881d7d06b7a15e63d348079bfa26b21fd02e7eb6,hardhat,50,9,4710650,2473148,94213,49462.96,24
2026-08-10T12:18:53.488Z,881d7d06b7a15e63d348079bfa26b21fd02e7eb6,hardhat,50,10,4710050,2473136,94201,49462.72,24
2026-08-10T12:18:53.526Z,881d7d06b7a15e63d348079bfa26b21fd02e7eb6,hardhat,50,11,4710650,2473148,94213,49462.96,24
2026-08-10T12:18:53.564Z,881d7d06b7a15e63d348079bfa26b21fd02e7eb6,hardhat,50,12,4710650,2473148,94213,49462.96,24
2026-08-10T12:18:53.602Z,881d7d06b7a15e63d348079bfa26b21fd02e7eb6,hardhat,50,13,4710650,2473148,94213,49462.96,24
2026-08-10T12:18:53.642Z,881d7d06b7a15e63d348079bfa26b21fd02e7eb6,hardhat,50,14,4710650,2473148,94213,49462.96,24
2026-08-10T12:18:53.685Z,881d7d06b7a15e63d348079bfa26b21fd02e7eb6,hardhat,50,15,4710650,2473148,94213,49462.96,24
2026-08-10T12:18:53.723Z,881d7d06b7a15e63d348079bfa26b21fd02e7eb6,hardhat,50,16,4710650,2473148,94213,49462.96,24
2026-08-10T12:18:53.764Z,881d7d06b7a15e63d348079bfa26b21fd02e7eb6,hardhat,50,17,4710650,2473148,94213,49462.96,24
2026-08-10T12:18:53.806Z,881d7d06b7a15e63d348079bfa26b21fd02e7eb6,hardhat,50,18,4710650,2473148,94213,49462.96,24
2026-08-10T12:18:53.848Z,881d7d06b7a15e63d348079bfa26b21fd02e7eb6,hardhat,50,19,4710650,2473148,94213,49462.96,24
2026-08-10T12:18:53.894Z,881d7d06b7a15e63d348079bfa26b21fd02e7eb6,hardhat,50,20,4710650,2473148,94213,49462.96,24
2026-08-10T12:18:53.941Z,881d7d06b7a15e63d348079bfa26b21fd02e7eb6,hardhat,50,21,4710650,2473148,94213,49462.96,24
2026-08-10T12:18:53.979Z,881d7d06b7a15e63d348079bfa26b21fd02e7eb6,hardhat,50,22,4710650,2473148,94213,49462.96,24
2026-08-10T12:18:54.023Z,881d7d06b7a15e63d348079bfa26b21fd02e7eb6,hardhat,50,23,4710650,2473148,94213,49462.96,24
2026-08-10T12:18:54.070Z,881d7d06b7a15e63d348079bfa26b21fd02e7eb6,hardhat,50,24,4710650,2473148,94213,49462.96,24
2026-08-10T12:18:54.108Z,881d7d06b7a15e63d348079bfa26b21fd02e7eb6,hardhat,50,25,4710650,2473148,94213,49462.96,24
2026-08-10T12:18:54.151Z,881d7d06b7a15e63d348079bfa26b21fd02e7eb6,hardhat,50,26,4710050,2473136,94201,49462.72,24
2026-08-10T12:18:54.192Z,881d7d06b7a15e63d348079bfa26b21fd02e7eb6,hardhat,50,27,4710650,2473148,94213,49462.96,24
2026-08-10T12:18:54.239Z,881d7d06b7a15e63d348079bfa26b21fd02e7eb6,hardhat,50,28,4710650,2473148,94213,49462.96,24
2026-08-10T12:18:54.284Z,881d7d06b7a15e63d348079bfa26b21fd02e7eb6,hardhat,50,29,4710650,2473148,94213,49462.96,24
2026-08-10T12:18:54.319Z,881d7d06b7a15e63d348079bfa26b21fd02e7eb6,hardhat,50,30,4710650,2473148,94213,49462.96,24
2026-08-10T12:18:54.387Z,881d7d06b7a15e63d348079bfa26b21fd02e7eb6,hardhat,100,1,9421300,4830079,94213,48300.79,24
2026-08-10T12:18:54.453Z,881d7d06b7a15e63d348079bfa26b21fd02e7eb6,hardhat,100,2,9421300,4830079,94213,48300.79,24
2026-08-10T12:18:54.520Z,881d7d06b7a15e63d348079bfa26b21fd02e7eb6,hardhat,100,3,9420100,4830067,94201,48300.67,24
2026-08-10T12:18:54.587Z,881d7d06b7a15e63d348079bfa26b21fd02e7eb6,hardhat,100,4,9421300,4830079,94213,48300.79,24
2026-08-10T12:18:54.659Z,881d7d06b7a15e63d348079bfa26b21fd02e7eb6,hardhat,100,5,9421300,4830079,94213,48300.79,24
2026-08-10T12:18:54.727Z,881d7d06b7a15e63d348079bfa26b21fd02e7eb6,hardhat,100,6,9421300,4830079,94213,48300.79,24
2026-08-10T12:18:54.796Z,881d7d06b7a15e63d348079bfa26b21fd02e7eb6,hardhat,100,7,9421300,4830079,94213,48300.79,24
2026-08-10T12:18:54.860Z,881d7d06b7a15e63d348079bfa26b21fd02e7eb6,hardhat,100,8,9421300,4830079,94213,48300.79,24
2026-08-10T12:18:54.926Z,881d7d06b7a15e63d348079bfa26b21fd02e7eb6,hardhat,100,9,9421300,4830079,94213,48300.79,24
2026-08-10T12:18:54.993Z,881d7d06b7a15e63d348079bfa26b21fd02e7eb6,hardhat,100,10,9420100,4830067,94201,48300.67,24
2026-08-10T12:18:55.057Z,881d7d06b7a15e63d348079bfa26b21fd02e7eb6,hardhat,100,11,9421300,4830079,94213,48300.79,24
2026-08-10T12:18:55.138Z,881d7d06b7a15e63d348079bfa26b21fd02e7eb6,hardhat,100,12,9421300,4830079,94213,48300.79,24
2026-08-10T12:18:55.203Z,881d7d06b7a15e63d348079bfa26b21fd02e7eb6,hardhat,100,13,9421300,4830079,94213,48300.79,24
2026-08-10T12:18:55.272Z,881d7d06b7a15e63d348079bfa26b21fd02e7eb6,hardhat,100,14,9421300,4830079,94213,48300.79,24
2026-08-10T12:18:55.335Z,881d7d06b7a15e63d348079bfa26b21fd02e7eb6,hardhat,100,15,9421300,4830079,94213,48300.79,24
2026-08-10T12:18:55.403Z,881d7d06b7a15e63d348079bfa26b21fd02e7eb6,hardhat,100,16,9421300,4830079,94213,48300.79,24
2026-08-10T12:18:55.472Z,881d7d06b7a15e63d348079bfa26b21fd02e7eb6,hardhat,100,17,9421300,4830079,94213,48300.79,24
2026-08-10T12:18:55.540Z,881d7d06b7a15e63d348079bfa26b21fd02e7eb6,hardhat,100,18,9421300,4830079,94213,48300.79,24
2026-08-10T12:18:55.608Z,881d7d06b7a15e63d348079bfa26b21fd02e7eb6,hardhat,100,19,9421300,4830079,94213,48300.79,24
2026-08-10T12:18:55.670Z,881d7d06b7a15e63d348079bfa26b21fd02e7eb6,hardhat,100,20,9421300,4830079,94213,48300.79,24
2026-08-10T12:18:55.738Z,881d7d06b7a15e63d348079bfa26b21fd02e7eb6,hardhat,100,21,9421300,4830079,94213,48300.79,24
2026-08-10T12:18:55.801Z,881d7d06b7a15e63d348079bfa26b21fd02e7eb6,hardhat,100,22,9420100,4830067,94201,48300.67,24
2026-08-10T12:18:55.870Z,881d7d06b7a15e63d348079bfa26b21fd02e7eb6,hardhat,100,23,9421300,4830079,94213,48300.79,24
2026-08-10T12:18:55.933Z,881d7d06b7a15e63d348079bfa26b21fd02e7eb6,hardhat,100,24,9421300,4830079,94213,48300.79,24
2026-08-10T12:18:56.001Z,881d7d06b7a15e63d348079bfa26b21fd02e7eb6,hardhat,100,25,9421300,4830079,94213,48300.79,24
2026-08-10T12:18:56.065Z,881d7d06b7a15e63d348079bfa26b21fd02e7eb6,hardhat,100,26,9421300,4830079,94213,48300.79,24
2026-08-10T12:18:56.134Z,881d7d06b7a15e63d348079bfa26b21fd02e7eb6,hardhat,100,27,9421300,4830079,94213,48300.79,24
2026-08-10T12:18:56.200Z,881d7d06b7a15e63d348079bfa26b21fd02e7eb6,hardhat,100,28,9421300,4830079,94213,48300.79,24
2026-08-10T12:18:56.277Z,881d7d06b7a15e63d348079bfa26b21fd02e7eb6,hardhat,100,29,9421300,4830079,94213,48300.79,24
2026-08-10T12:18:56.345Z,881d7d06b7a15e63d348079bfa26b21fd02e7eb6,hardhat,100,30,9421300,4830079,94213,48300.79,24
